2S2I Solutions & Services;2s2isolutions.com
A2MP;www.a2mp.com
Abase;www.abase.fr
Abylsen;www.abylsen.com
Accenture;www.accenture.com
ACTECH INGENIERIE;www.actech-ingenierie.fr
ACTHOM CONSEIL ET INGENIERIE ;www.acthom.fr
ACTION_SSI;www.actionssi.fr
Adeneo Embedded;www.adeneo-embedded.com
Adentis;www.adentis.fr
Adetel Group;www.adetelgroup.com
AES Embedded Systems;www.aes-embedded.com
AFD Technologies;www.afdtech.com
Afersys;www.afersys.com
AGH Consulting;agh-consulting.com
Agilitech;www.agilitech.fr
Agylis;www.agylis.com
Ajilon IT Consulting;www.ajilon.fr
Aketys;www.aketys.com
Akka Technologies;www.akka.eu
ALL4TEST;www.all4test.com
Alpha Technologie;www.alphatechnologie.fr
Altelios Techology;www.alteliostechnology.fr
Altelog;www.altelog.com
Alten;www.alten.fr
ALTER DEFENSE;www.alter-defense.com
ALTER FRAME;www.alter-frame.com
ALTER SOLUTIONS;www.alter-solutions.com
Altim;www.altim-consulting.fr
Alti;www.alti.com
Altran;www.altran.com
Alyotech Technologies;www.alyotech.fr
Amarexia;www.amarexia.com
Amaris;www.amaris.com
Amesys;www.amesys.fr
Ametix;www.ametix.com
Amundis;www.amundis.fr
Ankaa Engineering;www.ankaa-engineering.com
Antares IT;www.groupe-antares.fr
Anthemis Technologies;www.anthemis-technologies.com
Apside;www.apside.fr
APX;www.apx.fr
ARealTI;www.arealti.com
Arketeam;www.arketeam.com
Artemys;www.artemys.fr
Asap Conseil;asapconseil.com
Assystem;www.assystem.com
Astek;www.groupeastek.com
Atlantic Technologies;www.atlantictechnologies.fr
Atos Origin;fr.atos.net
Aubay;www.aubay.com
Ausy;www.ausy.com
Avassys;www.avassys.com
Avisto;www.avisto.com
Axileo;www.axileo.fr
AXPE Consulting;www.axpe.com
Axupteam;www.axupteam.fr
Azeo;www.azeo.com
Azuriel Technologies;www.azuriel.fr
BeMore;www.bemore.ch
Bluestone;www.bluestone.fr
Business & Decision;www.businessdecision.fr
Capgemini;www.capgemini.com
Celad;celad.com
CELLA Group;www.cella.fr
CISIF;www.cisif.fr
CGI;www.cgi.com
ClearSy;www.clearsy.com
Computacenter;www.computacenter.fr
Conix;www.conix.fr
Consept;www.consept.fr
Conserto;www.conserto.pro
Consort NT;www.consortnt.fr
CREATIVE ATLANTIQUE;www.creative-ingenierie.fr
CREATIVE INGENIERIE;www.creative-ingenierie.fr
CS Communication & Systemes;www.c-s.fr
CSC;www.csc.com
CTS;cts-corporate.com
Cyclad;www.cyclad.fr
Datus Sud-Ouest;www.datus-sudouest.com
Davidson Consulting;www.davidson.fr
Devoteam;www.devoteam.fr
Diginext;www.diginext.fr
Dimension Data;www.dimensiondata.com
Dunasys;www.dunasys.com
Econocom;www.econocom.com
EDSI Technologie;www.edsi.fr
Ekium;www.ekium.eu
Eliquans;www.eliquans.fr
Elsys Design;www.elsys-design.com
Elysis Consulting;www.elysis.fr
Eolen;www.eolen.com
ESR Groupe Osiatis;www.esr.fr
E-Teeq;www.e-teeq.fr
Euriware;euriware.areva.com
Eurogiciel;www.eurogiciel.fr
Extia;www.extia.fr
FREE EXPERT;www.free-expert.com
Geensyde;www.geensyde.fr
Genymobile;www.genymobile.com
GFI Informatique;www.gfi.fr
Groupe AFG;www.groupeafg.com
HR Team;www.hr-team.net
Humanlog;www.humanlog.fr
Ice Tech;www.ice-tech.fr
IKOS Consulting;www.ikosconsulting.com
InckA;www.incka.fr
INFORMATIS-TS;informatis-ts.fr
Infotel;www.infotel.com
Innovateam;www.innovateam.fr
Insyweb;www.insyweb.fr
integrytis;www.integrytis.com
Intitek;www.intitek.fr
Ipsis;www.ipsis.com
ITEME Technologies;www.ambitio.fr/expertises/iteme-technologies
ITIL Consulting;www.itilconsulting.fr
IT Link System;www.itlink.fr
IT&L@bs;www.itlabs.fr.orange-business.com
Key Consulting;www.keyconsulting.fr
Keyrus;www.keyrus.fr
LabSoft;www.labsoft.fr
LGM Ingénierie;www.lgm-ing.fr
Linagora;www.linagora.com
Links Consultants;www.links-consultants.com
Links IT Services;www.links-its.com
Logica;www.logica.fr
Maten;www.maten.fr
MATIS Technologies;fr.techno.matis-group.com
MAYA Technologies;www.maya-technologies.com
MCA Ingénierie;www.mca-ingenierie.fr
Médiane Système;www.medianesysteme.com
Metanext;www.metanext.com
Micropole;www.micropole.com
Modis;www.modisfrance.fr
Neo-Soft Services;www.neo-soft.fr
Neos-SDI;www.neos-sdi.com
Neurones;www.neurones.net
Nexeya;www.nexeya.fr
Novasys Ingénierie;www.novasys-ingenierie.com
NTT CORPORATE;www.nttcorporate.com
Open Wide;www.openwide.fr
Open;www.open-groupe.com
Orange Consulting;www.orange-business.com/fr/orange-consulting
Orange Business Services;www.orange-business.com/fr
Osiatis;www.osiatis.com
Osirés;www.osires-groupe.fr
Overlap Groupe;www.overlap.fr
Pacte Novation;www.pactenovation.fr
Palo IT;www.palo-it.com
Panda Services;www.pandaservices.fr
PCO Innovation;www.pco-innovation.com
Peaks;peaks.fr
Planet Consultant;www.planet-consultant.com
Pleiades Technologies;www.pleiades-technologies.com
Progelog;www.progelog.com
Prosodie;www.prosodie.fr
Protectic;protectic.fr
Proxiad;www.proxiad.com
Qualipse;www.qualipse.fr
Quantic Groupe;www.quantic.fr
QUARTZ INGENIERIE;www.quartz-ingenierie.fr
Rétinium;www.retinium.fr
Right Place;www.rightplace.fr
R2E CONSEIL;www.r2econseil.fr
Sapiens Group;www.sapiensgroup.fr
Sapiens NTIC;www.sapiens-ntic.fr
SCC;france.scc.com
Selfing;selfing.fr
SERMA INGENIERIE;www.serma-ingenierie.com
SII;www.groupe-sii.com
Skyconseil;www.skyconseil.fr
Sogetek Informatique;www.sogetek.fr
Sogeti High Tech;www.sogeti-hightech.fr
Solucom;www.solucom.fr
Solutec;www.solutec.fr
Sophia Conseil;www.sophiaconseil.fr
Sopra Group;www.sopragroup.fr
SPC Consultants;www.spcconsultants.com
SQLI;www.sqli.com
Squad;www.squad.fr
Steria;www.steria.com
Strathom Telecommunications;www.strathom.com
Sword;www.sword-group.com
Synchrone Technologies;www.synchrone-technologies.fr
Tata Technologies;www.tatatechnologies.com
Teamsquare;www.teamsquare.fr
Technology & Strategy;www.technologyandstrategy.com
Tenesea;www.tenesea.fr
Thalès Services;thalesgroup.com
TRSB;www.trsb.net
Umanis;www.umanis.com
u-need;www.u-need.fr
UP Ingenierie;up-ingenierie.com
Up Technologies;www.uptechnologies.fr
Viseo;www.viseo.net
Viveris Technologies;viveris.fr
Wemagine;www.wemagine.fr
XOOL Technologies;www.xool.fr
Yatic;www.yatic.fr
YGL Consulting;ygl-consulting.com
